,LINK,sector,company_code,company_name
1,http://www.moneycontrol.com/india/stockpricequote/diversified/3mindia/MI42,diversified,MI42,3mindia
2,http://www.moneycontrol.com/india/stockpricequote/computerssoftware/8kmilessoftwareservices/PMS01,computerssoftware,PMS01,8kmilessoftwareservices
3,http://www.moneycontrol.com/india/stockpricequote/chemicals/aartiindustries/AI45,chemicals,AI45,aartiindustries
4,http://www.moneycontrol.com/india/stockpricequote/oildrillingandexploration/abanoffshore/AO04,oildrillingandexploration,AO04,abanoffshore
5,http://www.moneycontrol.com/india/stockpricequote/infrastructuregeneral/abbindia/ABB,infrastructuregeneral,ABB,abbindia
6,http://www.moneycontrol.com/india/stockpricequote/pharmaceuticals/abbottindia/AI51,pharmaceuticals,AI51,abbottindia
7,http://www.moneycontrol.com/india/stockpricequote/cementmajor/acc/ACC06,cementmajor,ACC06,acc
8,http://www.moneycontrol.com/india/stockpricequote/trading/adanienterprises/AE13,trading,AE13,adanienterprises
9,http://www.moneycontrol.com/india/stockpricequote/infrastructuregeneral/adaniportsspecialeconomiczone/MPS,infrastructuregeneral,MPS,adaniportsspecialeconomiczone
10,http://www.moneycontrol.com/india/stockpricequote/powergenerationdistribution/adanipower/AP11,powergenerationdistribution,AP11,adanipower
11,http://www.moneycontrol.com/india/stockpricequote/powertransmissionequipment/adanitransmission/AT22,powertransmissionequipment,AT22,adanitransmission
12,http://www.moneycontrol.com/india/stockpricequote/retail/adityabirlafashionretail/PFR,retail,PFR,adityabirlafashionretail
13,http://www.moneycontrol.com/india/stockpricequote/pharmaceuticals/advancedenzymetechnologies/AET,pharmaceuticals,AET,advancedenzymetechnologies
14,http://www.moneycontrol.com/india/stockpricequote/transportlogistics/aegislogistics/AL9,transportlogistics,AL9,aegislogistics
15,http://www.moneycontrol.com/india/stockpricequote/castingsforgings/aiaengineering/AIE01,castingsforgings,AIE01,aiaengineering
16,http://www.moneycontrol.com/india/stockpricequote/pharmaceuticals/ajantapharma/AP22,pharmaceuticals,AP22,ajantapharma
17,http://www.moneycontrol.com/india/stockpricequote/paintsvarnishes/akzonobelindia/ICI,paintsvarnishes,ICI,akzonobelindia
18,http://www.moneycontrol.com/india/stockpricequote/pharmaceuticals/alembicpharmaceuticals/AP35,pharmaceuticals,AP35,alembicpharmaceuticals
19,http://www.moneycontrol.com/india/stockpricequote/pharmaceuticals/alkemlaboratories/AL05,pharmaceuticals,AL05,alkemlaboratories
20,http://www.moneycontrol.com/india/stockpricequote/bankspublicsector/allahabadbank/AB15,bankspublicsector,AB15,allahabadbank
21,http://www.moneycontrol.com/india/stockpricequote/transportlogistics/allcargologistics/AGL02,transportlogistics,AGL02,allcargologistics
22,http://www.moneycontrol.com/india/stockpricequote/autoancillaries/amararajabatteries/ARB,autoancillaries,ARB,amararajabatteries
23,http://www.moneycontrol.com/india/stockpricequote/cementmajor/ambujacements/AC18,cementmajor,AC18,ambujacements
24,http://www.moneycontrol.com/india/stockpricequote/bankspublicsector/andhrabank/AB14,bankspublicsector,AB14,andhrabank
25,http://www.moneycontrol.com/india/stockpricequote/electricequipment/aparindustries/AI40,electricequipment,AI40,aparindustries
26,http://www.moneycontrol.com/india/stockpricequote/steeltubespipes/aplapollotubes/BT09,steeltubespipes,BT09,aplapollotubes
27,http://www.moneycontrol.com/india/stockpricequote/hospitalsmedicalservices/apollohospitalsenterprises/AHE,hospitalsmedicalservices,AHE,apollohospitalsenterprises
28,http://www.moneycontrol.com/india/stockpricequote/tyres/apollotyres/AT14,tyres,AT14,apollotyres
29,http://www.moneycontrol.com/india/stockpricequote/textilesdenim/arvind/A18,textilesdenim,A18,arvind
30,http://www.moneycontrol.com/india/stockpricequote/glassglassproducts/asahiindiaglass/AIG01,glassglassproducts,AIG01,asahiindiaglass
31,http://www.moneycontrol.com/india/stockpricequote/autolcvshcvs/ashokleyland/AL,autolcvshcvs,AL,ashokleyland
32,http://www.moneycontrol.com/india/stockpricequote/constructioncontractingcivil/ashokabuildcon/AB,constructioncontractingcivil,AB,ashokabuildcon
33,http://www.moneycontrol.com/india/stockpricequote/paintsvarnishes/asianpaints/AP31,paintsvarnishes,AP31,asianpaints
34,http://www.moneycontrol.com/india/stockpricequote/telecommunicationsequipment/astramicrowaveproducts/AMP01,telecommunicationsequipment,AMP01,astramicrowaveproducts
35,http://www.moneycontrol.com/india/stockpricequote/plastics/astralpolytechnik/APT02,plastics,APT02,astralpolytechnik
36,http://www.moneycontrol.com/india/stockpricequote/pharmaceuticals/astrazenecapharma/AZP,pharmaceuticals,AZP,astrazenecapharma
37,http://www.moneycontrol.com/india/stockpricequote/dyespigments/atul/A06,dyespigments,A06,atul
38,http://www.moneycontrol.com/india/stockpricequote/pharmaceuticals/aurobindopharma/AP,pharmaceuticals,AP,aurobindopharma
39,http://www.moneycontrol.com/india/stockpricequote/aquaculture/avantifeeds/AF21,aquaculture,AF21,avantifeeds
40,http://www.moneycontrol.com/india/stockpricequote/retail/avenuesupermarts/AS19,retail,AS19,avenuesupermarts
41,http://www.moneycontrol.com/india/stockpricequote/banksprivatesector/axisbank/AB16,banksprivatesector,AB16,axisbank
42,http://www.moneycontrol.com/india/stockpricequote/auto23wheelers/bajajauto/BA10,auto23wheelers,BA10,bajajauto
43,http://www.moneycontrol.com/india/stockpricequote/personalcare/bajajcorp/BC02,personalcare,BC02,bajajcorp
44,http://www.moneycontrol.com/india/stockpricequote/domesticappliances/bajajelectricals/BE,domesticappliances,BE,bajajelectricals
45,http://www.moneycontrol.com/india/stockpricequote/financeleasinghirepurchase/bajajfinance/BAF,financeleasinghirepurchase,BAF,bajajfinance
46,http://www.moneycontrol.com/india/stockpricequote/financeinvestments/bajajfinserv/BF04,financeinvestments,BF04,bajajfinserv
47,http://www.moneycontrol.com/india/stockpricequote/sugar/bajajhindusthan/BH06,sugar,BH06,bajajhindusthan
48,http://www.moneycontrol.com/india/stockpricequote/financeinvestments/bajajholdingsinvestment/BHI,financeinvestments,BHI,bajajholdingsinvestment
49,http://www.moneycontrol.com/india/stockpricequote/tyres/balkrishnaindustries/BI03,tyres,BI03,balkrishnaindustries
50,http://www.moneycontrol.com/india/stockpricequote/diversified/balmerlawriecompany/BLC,diversified,BLC,balmerlawriecompany
51,http://www.moneycontrol.com/india/stockpricequote/sugar/balrampurchinimills/BCM,sugar,BCM,balrampurchinimills
52,http://www.moneycontrol.com/india/stockpricequote/bankspublicsector/bankofbaroda/BOB,bankspublicsector,BOB,bankofbaroda
53,http://www.moneycontrol.com/india/stockpricequote/bankspublicsector/bankofindia/BOI,bankspublicsector,BOI,bankofindia
54,http://www.moneycontrol.com/india/stockpricequote/bankspublicsector/bankmaharashtra/BM05,bankspublicsector,BM05,bankmaharashtra
55,http://www.moneycontrol.com/india/stockpricequote/chemicals/basfindia/BAS,chemicals,BAS,basfindia
56,http://www.moneycontrol.com/india/stockpricequote/leatherproducts/bataindia/BI01,leatherproducts,BI01,bataindia
57,http://www.moneycontrol.com/india/stockpricequote/pesticidesagrochemicals/bayercropscience/BC12,pesticidesagrochemicals,BC12,bayercropscience
58,http://www.moneycontrol.com/india/stockpricequote/infrastructuregeneral/beml/BEM03,infrastructuregeneral,BEM03,beml
59,http://www.moneycontrol.com/india/stockpricequote/paintsvarnishes/bergerpaintsindia/BPI02,paintsvarnishes,BPI02,bergerpaintsindia
60,http://www.moneycontrol.com/india/stockpricequote/powergenerationdistribution/bfutilities/BFU,powergenerationdistribution,BFU,bfutilities
61,http://www.moneycontrol.com/india/stockpricequote/electricals/bharatelectronics/BE03,electricals,BE03,bharatelectronics
62,http://www.moneycontrol.com/india/stockpricequote/financegeneral/bharatfinancialinclusion/SM11,financegeneral,SM11,bharatfinancialinclusion
63,http://www.moneycontrol.com/india/stockpricequote/castingsforgings/bharatforge/BF03,castingsforgings,BF03,bharatforge
64,http://www.moneycontrol.com/india/stockpricequote/telecommunicationsservice/bhartiairtel/BA08,telecommunicationsservice,BA08,bhartiairtel
65,http://www.moneycontrol.com/india/stockpricequote/telecommunicationsequipment/bhartiinfratel/BI14,telecommunicationsequipment,BI14,bhartiinfratel
66,http://www.moneycontrol.com/india/stockpricequote/infrastructuregeneral/bharatheavyelectricals/BHE,infrastructuregeneral,BHE,bharatheavyelectricals
67,http://www.moneycontrol.com/india/stockpricequote/pharmaceuticals/biocon/BL03,pharmaceuticals,BL03,biocon
68,http://www.moneycontrol.com/india/stockpricequote/cementmajor/birlacorporation/BC07,cementmajor,BC07,birlacorporation
69,http://www.moneycontrol.com/india/stockpricequote/pharmaceuticals/blissgvspharma/BGV,pharmaceuticals,BGV,blissgvspharma
70,http://www.moneycontrol.com/india/stockpricequote/couriers/bluedartexpress/BDE,couriers,BDE,bluedartexpress
71,http://www.moneycontrol.com/india/stockpricequote/consumergoodswhitegoods/bluestar/BS,consumergoodswhitegoods,BS,bluestar
72,http://www.moneycontrol.com/india/stockpricequote/plantationsteacoffee/bombayburmahtradingcorporation/BBT,plantationsteacoffee,BBT,bombayburmahtradingcorporation
73,http://www.moneycontrol.com/india/stockpricequote/textilesprocessing/bombaydyeingmanufacturingcompany/BDM,textilesprocessing,BDM,bombaydyeingmanufacturingcompany
74,http://www.moneycontrol.com/india/stockpricequote/autoancillaries/bosch/B05,autoancillaries,B05,bosch
75,http://www.moneycontrol.com/india/stockpricequote/refineries/bharatpetroleumcorporation/BPC,refineries,BPC,bharatpetroleumcorporation
76,http://www.moneycontrol.com/india/stockpricequote/foodprocessing/britanniaindustries/BI,foodprocessing,BI,britanniaindustries
77,http://www.moneycontrol.com/india/stockpricequote/pharmaceuticals/cadilahealthcare/CHC,pharmaceuticals,CHC,cadilahealthcare
78,http://www.moneycontrol.com/india/stockpricequote/financehousing/canfinhomes/CFH,financehousing,CFH,canfinhomes
79,http://www.moneycontrol.com/india/stockpricequote/bankspublicsector/canarabank/CB06,bankspublicsector,CB06,canarabank
80,http://www.moneycontrol.com/india/stockpricequote/financegeneral/capitalfirst/FCH,financegeneral,FCH,capitalfirst
81,http://www.moneycontrol.com/india/stockpricequote/pharmaceuticals/caplinpointlaboratories/CPL,pharmaceuticals,CPL,caplinpointlaboratories
82,http://www.moneycontrol.com/india/stockpricequote/abrasives/carborundumuniversal/CU,abrasives,CU,carborundumuniversal
83,http://www.moneycontrol.com/india/stockpricequote/miscellaneous/creditanalysisresearch/CAR,miscellaneous,CAR,creditanalysisresearch
84,http://www.moneycontrol.com/india/stockpricequote/lubricants/castrolindia/CI01,lubricants,CI01,castrolindia
85,http://www.moneycontrol.com/india/stockpricequote/plantationsteacoffee/cclproductsindia/CC10,plantationsteacoffee,CC10,cclproductsindia
86,http://www.moneycontrol.com/india/stockpricequote/tyres/ceat/C07,tyres,C07,ceat
87,http://www.moneycontrol.com/india/stockpricequote/bankspublicsector/centralbankindia/CBO01,bankspublicsector,CBO01,centralbankindia
88,http://www.moneycontrol.com/india/stockpricequote/diversified/centurytextilesindustries/CTI,diversified,CTI,centurytextilesindustries
89,http://www.moneycontrol.com/india/stockpricequote/miscellaneous/centuryplyboards/CP9,miscellaneous,CP9,centuryplyboards
90,http://www.moneycontrol.com/india/stockpricequote/ceramicsgranite/cerasanitaryware/CS18,ceramicsgranite,CS18,cerasanitaryware
91,http://www.moneycontrol.com/india/stockpricequote/powergenerationdistribution/cesc/CES,powergenerationdistribution,CES,cesc
92,http://www.moneycontrol.com/india/stockpricequote/electricals/cromptongreavesconsumerelectrical/CGC01,electricals,CGC01,cromptongreavesconsumerelectrical
93,http://www.moneycontrol.com/india/stockpricequote/electricequipment/cgpowerindustrialsolutions/CG,electricequipment,CG,cgpowerindustrialsolutions
94,http://www.moneycontrol.com/india/stockpricequote/fertilisers/chambalfertiliserschemicals/CFC,fertilisers,CFC,chambalfertiliserschemicals
95,http://www.moneycontrol.com/india/stockpricequote/refineries/chennaipetroleumcorporation/CPC02,refineries,CPC02,chennaipetroleumcorporation
96,http://www.moneycontrol.com/india/stockpricequote/financeleasinghirepurchase/cholamandalaminvestmentfinancecompany/CDB,financeleasinghirepurchase,CDB,cholamandalaminvestmentfinancecompany
97,http://www.moneycontrol.com/india/stockpricequote/pharmaceuticals/cipla/C,pharmaceuticals,C,cipla
98,http://www.moneycontrol.com/india/stockpricequote/banksprivatesector/cityunionbank/CUB,banksprivatesector,CUB,cityunionbank
99,http://www.moneycontrol.com/india/stockpricequote/miningminerals/coalindia/CI11,miningminerals,CI11,coalindia
100,http://www.moneycontrol.com/india/stockpricequote/foodprocessing/coffeedayenterprises/CDE,foodprocessing,CDE,coffeedayenterprises
101,http://www.moneycontrol.com/india/stockpricequote/personalcare/colgatepalmoliveindia/CPI,personalcare,CPI,colgatepalmoliveindia
102,http://www.moneycontrol.com/india/stockpricequote/transportlogistics/containercorporationindia/CCI,transportlogistics,CCI,containercorporationindia
103,http://www.moneycontrol.com/india/stockpricequote/fertilisers/coromandelinternational/CI45,fertilisers,CI45,coromandelinternational
104,http://www.moneycontrol.com/india/stockpricequote/bankspublicsector/corporationbank/CB,bankspublicsector,CB,corporationbank
105,http://www.moneycontrol.com/india/stockpricequote/miscellaneous/coxkings/CK,miscellaneous,CK,coxkings
106,http://www.moneycontrol.com/india/stockpricequote/miscellaneous/crisil/CRI,miscellaneous,CRI,crisil
107,http://www.moneycontrol.com/india/stockpricequote/engines/cumminsindia/CI02,engines,CI02,cumminsindia
108,http://www.moneycontrol.com/india/stockpricequote/computerssoftware/cyient/IE07,computerssoftware,IE07,cyient
109,http://www.moneycontrol.com/india/stockpricequote/personalcare/daburindia/DI,personalcare,DI,daburindia
110,http://www.moneycontrol.com/india/stockpricequote/cementmajor/dalmiabharat/DBE,cementmajor,DBE,dalmiabharat
111,http://www.moneycontrol.com/india/stockpricequote/mediaentertainment/dbcorp/C13,mediaentertainment,C13,dbcorp
112,http://www.moneycontrol.com/india/stockpricequote/banksprivatesector/dcbbank/DCB01,banksprivatesector,DCB01,dcbbank
113,http://www.moneycontrol.com/india/stockpricequote/diversified/dcmshriram/DCM02,diversified,DCM02,dcmshriram
114,http://www.moneycontrol.com/india/stockpricequote/fertilisers/deepakfertilizerspetrochemicalscoprn/DFP,fertilisers,DFP,deepakfertilizerspetrochemicalscoprn
115,http://www.moneycontrol.com/india/stockpricequote/constructioncontractingrealestate/deltacorp/DC11,constructioncontractingrealestate,DC11,deltacorp
116,http://www.moneycontrol.com/india/stockpricequote/mediaentertainment/dennetworks/DN02,mediaentertainment,DN02,dennetworks
117,http://www.moneycontrol.com/india/stockpricequote/bankspublicsector/denabank/DB,bankspublicsector,DB,denabank
118,http://www.moneycontrol.com/india/stockpricequote/financehousing/dewanhousingfinancecorporation/DHF,financehousing,DHF,dewanhousingfinancecorporation
119,http://www.moneycontrol.com/india/stockpricequote/pesticidesagrochemicals/dhanukaagritech/DA01,pesticidesagrochemicals,DA01,dhanukaagritech
120,http://www.moneycontrol.com/india/stockpricequote/constructioncontractingcivil/dilipbuildcon/DB04,constructioncontractingcivil,DB04,dilipbuildcon
121,http://www.moneycontrol.com/india/stockpricequote/mediaentertainment/dishtvindia/DTV,mediaentertainment,DTV,dishtvindia
122,http://www.moneycontrol.com/india/stockpricequote/pharmaceuticals/divislaboratories/DL03,pharmaceuticals,DL03,divislaboratories
123,http://www.moneycontrol.com/india/stockpricequote/constructioncontractingrealestate/dlf/D04,constructioncontractingrealestate,D04,dlf
124,http://www.moneycontrol.com/india/stockpricequote/pharmaceuticals/drlalpathlabs/DLP01,pharmaceuticals,DLP01,drlalpathlabs
125,http://www.moneycontrol.com/india/stockpricequote/pharmaceuticals/drreddyslaboratories/DRL,pharmaceuticals,DRL,drreddyslaboratories
126,http://www.moneycontrol.com/india/stockpricequote/computerssoftwaremediumsmall/eclerxservices/eS06,computerssoftwaremediumsmall,eS06,eclerxservices
127,http://www.moneycontrol.com/india/stockpricequote/financegeneral/edelweissfinancialservices/EC01,financegeneral,EC01,edelweissfinancialservices
128,http://www.moneycontrol.com/india/stockpricequote/autolcvshcvs/eichermotors/EM,autolcvshcvs,EM,eichermotors
129,http://www.moneycontrol.com/india/stockpricequote/sugar/eidparryindia/EID,sugar,EID,eidparryindia
130,http://www.moneycontrol.com/india/stockpricequote/hotels/eih/EIH,hotels,EIH,eih
131,http://www.moneycontrol.com/india/stockpricequote/compressors/elgiequipments/EE01,compressors,EE01,elgiequipments
132,http://www.moneycontrol.com/india/stockpricequote/personalcare/emami/E06,personalcare,E06,emami
133,http://www.moneycontrol.com/india/stockpricequote/auto23wheelers/endurancetechnologies/ET01,auto23wheelers,ET01,endurancetechnologies
134,http://www.moneycontrol.com/india/stockpricequote/infrastructuregeneral/engineersindia/EI14,infrastructuregeneral,EI14,engineersindia
135,http://www.moneycontrol.com/india/stockpricequote/mediaentertainment/entertainmentnetworkindia/ENI,mediaentertainment,ENI,entertainmentnetworkindia
136,http://www.moneycontrol.com/india/stockpricequote/financegeneral/equitasholdings/EH03,financegeneral,EH03,equitasholdings
137,http://www.moneycontrol.com/india/stockpricequote/mediaentertainment/erosinternationalmedia/EIM,mediaentertainment,EIM,erosinternationalmedia
138,http://www.moneycontrol.com/india/stockpricequote/autotractors/escorts/E,autotractors,E,escorts
139,http://www.moneycontrol.com/india/stockpricequote/packaging/esselpropack/EP11,packaging,EP11,esselpropack
140,http://www.moneycontrol.com/india/stockpricequote/drycells/evereadyindustriesindia/EII02,drycells,EII02,evereadyindustriesindia
141,http://www.moneycontrol.com/india/stockpricequote/autoancillaries/exideindustries/EI,autoancillaries,EI,exideindustries
142,http://www.moneycontrol.com/india/stockpricequote/pharmaceuticals/fdc/FDC,pharmaceuticals,FDC,fdc
143,http://www.moneycontrol.com/india/stockpricequote/banksprivatesector/federalbank/FB,banksprivatesector,FB,federalbank
144,http://www.moneycontrol.com/india/stockpricequote/cablestelephone/finolexcables/FC01,cablestelephone,FC01,finolexcables
145,http://www.moneycontrol.com/india/stockpricequote/petrochemicals/finolexindustries/FI,petrochemicals,FI,finolexindustries
146,http://www.moneycontrol.com/india/stockpricequote/computerssoftwaremediumsmall/firstsourcesolutions/FS07,computerssoftwaremediumsmall,FS07,firstsourcesolutions
147,http://www.moneycontrol.com/india/stockpricequote/autolcvshcvs/forcemotors/FM01,autolcvshcvs,FM01,forcemotors
148,http://www.moneycontrol.com/india/stockpricequote/hospitalsmedicalservices/fortishealthcare/FH,hospitalsmedicalservices,FH,fortishealthcare
149,http://www.moneycontrol.com/india/stockpricequote/foodprocessing/futureconsumer/FVI,foodprocessing,FVI,futureconsumer
150,http://www.moneycontrol.com/india/stockpricequote/retail/futurelifestylefashions/FLF01,retail,FLF01,futurelifestylefashions
151,http://www.moneycontrol.com/india/stockpricequote/retail/futureretail/FR,retail,FR,futureretail
152,http://www.moneycontrol.com/india/stockpricequote/oildrillingandexploration/gailindia/GAI,oildrillingandexploration,GAI,gailindia
153,http://www.moneycontrol.com/india/stockpricequote/miscellaneous/gatewaydistriparks/GD01,miscellaneous,GD01,gatewaydistriparks
154,http://www.moneycontrol.com/india/stockpricequote/couriers/gati/G04,couriers,G04,gati
155,http://www.moneycontrol.com/india/stockpricequote/constructioncontractingcivil/gayatriprojects/GP10,constructioncontractingcivil,GP10,gayatriprojects
156,http://www.moneycontrol.com/india/stockpricequote/powertransmissionequipment/gepowerindia/AP29,powertransmissionequipment,AP29,gepowerindia
157,http://www.moneycontrol.com/india/stockpricequote/shipping/greateasternshippingcompany/GES,shipping,GES,greateasternshippingcompany
158,http://www.moneycontrol.com/india/stockpricequote/powertransmissionequipment/getdindia/ATD,powertransmissionequipment,ATD,getdindia
159,http://www.moneycontrol.com/india/stockpricequote/financehousing/gichousingfinance/GIC,financehousing,GIC,gichousingfinance
160,http://www.moneycontrol.com/india/stockpricequote/personalcare/gilletteindia/GI22,personalcare,GI22,gilletteindia
161,http://www.moneycontrol.com/india/stockpricequote/foodprocessing/glaxosmithklineconsumerhealthcare/GSC04,foodprocessing,GSC04,glaxosmithklineconsumerhealthcare
162,http://www.moneycontrol.com/india/stockpricequote/pharmaceuticals/glaxosmithklinepharmaceuticals/GSK,pharmaceuticals,GSK,glaxosmithklinepharmaceuticals
163,http://www.moneycontrol.com/india/stockpricequote/pharmaceuticals/glenmarkpharma/GP08,pharmaceuticals,GP08,glenmarkpharma
164,http://www.moneycontrol.com/india/stockpricequote/infrastructuregeneral/gmrinfrastructure/GI27,infrastructuregeneral,GI27,gmrinfrastructure
165,http://www.moneycontrol.com/india/stockpricequote/fertilisers/gujaratnarmadavalleyfertilizerschemicals/GNV,fertilisers,GNV,gujaratnarmadavalleyfertilizerschemicals
166,http://www.moneycontrol.com/india/stockpricequote/cigarettes/godfreyphillipsindia/GPI,cigarettes,GPI,godfreyphillipsindia
167,http://www.moneycontrol.com/india/stockpricequote/personalcare/godrejconsumerproducts/GCP,personalcare,GCP,godrejconsumerproducts
168,http://www.moneycontrol.com/india/stockpricequote/personalcare/godrejindustries/GI23,personalcare,GI23,godrejindustries
169,http://www.moneycontrol.com/india/stockpricequote/constructioncontractingrealestate/godrejproperties/GP11,constructioncontractingrealestate,GP11,godrejproperties
170,http://www.moneycontrol.com/india/stockpricequote/pharmaceuticals/granulesindia/GI25,pharmaceuticals,GI25,granulesindia
171,http://www.moneycontrol.com/india/stockpricequote/diversified/grasimindustries/GI01,diversified,GI01,grasimindustries
172,http://www.moneycontrol.com/india/stockpricequote/engines/greavescotton/GC20,engines,GC20,greavescotton
173,http://www.moneycontrol.com/india/stockpricequote/miscellaneous/greenplyindustries/GI19,miscellaneous,GI19,greenplyindustries
174,http://www.moneycontrol.com/india/stockpricequote/abrasives/grindwellnorton/GN,abrasives,GN,grindwellnorton
175,http://www.moneycontrol.com/india/stockpricequote/financehousing/gruhfinance/GRU,financehousing,GRU,gruhfinance
176,http://www.moneycontrol.com/india/stockpricequote/fertilisers/gujaratstatefertilizerschemicals/GSF,fertilisers,GSF,gujaratstatefertilizerschemicals
177,http://www.moneycontrol.com/india/stockpricequote/chemicals/gujaratalkalieschemicals/GAC01,chemicals,GAC01,gujaratalkalieschemicals
178,http://www.moneycontrol.com/india/stockpricequote/chemicals/gujaratfluorochemicals/GF07,chemicals,GF07,gujaratfluorochemicals
179,http://www.moneycontrol.com/india/stockpricequote/chemicals/gujaratheavychemicals/GHC,chemicals,GHC,gujaratheavychemicals
180,http://www.moneycontrol.com/india/stockpricequote/miningminerals/gujaratmineraldevelopmentcorporation/GMD,miningminerals,GMD,gujaratmineraldevelopmentcorporation
181,http://www.moneycontrol.com/india/stockpricequote/oildrillingandexploration/gujaratstatepetronet/GSP02,oildrillingandexploration,GSP02,gujaratstatepetronet
182,http://www.moneycontrol.com/india/stockpricequote/oildrillingandexploration/gujaratgas/GGC,oildrillingandexploration,GGC,gujaratgas
183,http://www.moneycontrol.com/india/stockpricequote/shipping/gujaratpipavavport/GPP03,shipping,GPP03,gujaratpipavavport
184,http://www.moneycontrol.com/india/stockpricequote/lubricants/gulfoillubricantsindia/GOL01,lubricants,GOL01,gulfoillubricantsindia
185,http://www.moneycontrol.com/india/stockpricequote/mediaentertainment/hathwaycabledatacom/HCD,mediaentertainment,HCD,hathwaycabledatacom
186,http://www.moneycontrol.com/india/stockpricequote/foodprocessing/hatsunagroproducts/HAP,foodprocessing,HAP,hatsunagroproducts
187,http://www.moneycontrol.com/india/stockpricequote/electricequipment/havellsindia/HI01,electricequipment,HI01,havellsindia
188,http://www.moneycontrol.com/india/stockpricequote/computershardware/hclinfosystems/HCL,computershardware,HCL,hclinfosystems
189,http://www.moneycontrol.com/india/stockpricequote/computerssoftware/hcltechnologies/HCL02,computerssoftware,HCL02,hcltechnologies
190,http://www.moneycontrol.com/india/stockpricequote/financehousing/housingdevelopmentfinancecorporation/HDF,financehousing,HDF,housingdevelopmentfinancecorporation
191,http://www.moneycontrol.com/india/stockpricequote/banksprivatesector/hdfcbank/HDF01,banksprivatesector,HDF01,hdfcbank
192,http://www.moneycontrol.com/india/stockpricequote/constructioncontractingrealestate/housingdevelopmentinfrastructure/HDI,constructioncontractingrealestate,HDI,housingdevelopmentinfrastructure
193,http://www.moneycontrol.com/india/stockpricequote/cementmajor/heidelbergcementindia/HCI02,cementmajor,HCI02,heidelbergcementindia
194,http://www.moneycontrol.com/india/stockpricequote/foodprocessing/heritagefoods/HFI,foodprocessing,HFI,heritagefoods
195,http://www.moneycontrol.com/india/stockpricequote/auto23wheelers/heromotocorp/HHM,auto23wheelers,HHM,heromotocorp
196,http://www.moneycontrol.com/india/stockpricequote/computerssoftware/hexawaretechnologies/HT02,computerssoftware,HT02,hexawaretechnologies
197,http://www.moneycontrol.com/india/stockpricequote/telecommunicationsequipment/himachalfuturisticcommunication/HFC,telecommunicationsequipment,HFC,himachalfuturisticcommunication
198,http://www.moneycontrol.com/india/stockpricequote/textilessyntheticsilk/himatsingkaseide/HS,textilessyntheticsilk,HS,himatsingkaseide
199,http://www.moneycontrol.com/india/stockpricequote/constructioncontractingcivil/hindustanconstructioncompany/HCC,constructioncontractingcivil,HCC,hindustanconstructioncompany
200,http://www.moneycontrol.com/india/stockpricequote/metalsnonferrous/hindustancopper/HC07,metalsnonferrous,HC07,hindustancopper
201,http://www.moneycontrol.com/india/stockpricequote/metalsnonferrous/hindustanzinc/HZ,metalsnonferrous,HZ,hindustanzinc
202,http://www.moneycontrol.com/india/stockpricequote/aluminium/hindalcoindustries/HI,aluminium,HI,hindalcoindustries
203,http://www.moneycontrol.com/india/stockpricequote/telecommunicationsequipment/honeywellautomation/HA04,telecommunicationsequipment,HA04,honeywellautomation
204,http://www.moneycontrol.com/india/stockpricequote/refineries/hindustanpetroleumcorporation/HPC,refineries,HPC,hindustanpetroleumcorporation
205,http://www.moneycontrol.com/india/stockpricequote/ceramicsgranite/hsil/HSI02,ceramicsgranite,HSI02,hsil
206,http://www.moneycontrol.com/india/stockpricequote/personalcare/hindustanunilever/HU,personalcare,HU,hindustanunilever
207,http://www.moneycontrol.com/india/stockpricequote/banksprivatesector/icicibank/ICI02,banksprivatesector,ICI02,icicibank
208,http://www.moneycontrol.com/india/stockpricequote/financegeneral/iciciprudentiallifeinsurancecompany/IPL01,financegeneral,IPL01,iciciprudentiallifeinsurancecompany
209,http://www.moneycontrol.com/india/stockpricequote/miscellaneous/icra/ICR,miscellaneous,ICR,icra
210,http://www.moneycontrol.com/india/stockpricequote/bankspublicsector/idbibank/IDB05,bankspublicsector,IDB05,idbibank
211,http://www.moneycontrol.com/india/stockpricequote/telecommunicationsservice/ideacellular/IC8,telecommunicationsservice,IC8,ideacellular
212,http://www.moneycontrol.com/india/stockpricequote/financetermlendinginstitutions/idfc/IDF,financetermlendinginstitutions,IDF,idfc
213,http://www.moneycontrol.com/india/stockpricequote/banksprivatesector/idfcbank/IDF01,banksprivatesector,IDF01,idfcbank
214,http://www.moneycontrol.com/india/stockpricequote/financetermlendinginstitutions/ifci/IFC02,financetermlendinginstitutions,IFC02,ifci
215,http://www.moneycontrol.com/india/stockpricequote/oildrillingandexploration/indraprasthagas/IG04,oildrillingandexploration,IG04,indraprasthagas
216,http://www.moneycontrol.com/india/stockpricequote/financegeneral/iiflholdings/II15,financegeneral,II15,iiflholdings
217,http://www.moneycontrol.com/india/stockpricequote/infrastructuregeneral/ilandfstransportationnetworks/ITN,infrastructuregeneral,ITN,ilandfstransportationnetworks
218,http://www.moneycontrol.com/india/stockpricequote/cementmajor/indiacements/IC,cementmajor,IC,indiacements
219,http://www.moneycontrol.com/india/stockpricequote/financehousing/indiabullshousingfinance/IHF01,financehousing,IHF01,indiabullshousingfinance
220,http://www.moneycontrol.com/india/stockpricequote/constructioncontractingrealestate/indiabullsrealestate/IRE01,constructioncontractingrealestate,IRE01,indiabullsrealestate
221,http://www.moneycontrol.com/india/stockpricequote/financeinvestments/indiabullsventures/IS13,financeinvestments,IS13,indiabullsventures
222,http://www.moneycontrol.com/india/stockpricequote/bankspublicsector/indianbank/IB04,bankspublicsector,IB04,indianbank
223,http://www.moneycontrol.com/india/stockpricequote/hotels/indianhotelscompany/IHC,hotels,IHC,indianhotelscompany
224,http://www.moneycontrol.com/india/stockpricequote/textilesspinningcottonblended/indocountindustries/ICI07,textilesspinningcottonblended,ICI07,indocountindustries
225,http://www.moneycontrol.com/india/stockpricequote/pharmaceuticals/indocoremedies/IR05,pharmaceuticals,IR05,indocoremedies
226,http://www.moneycontrol.com/india/stockpricequote/banksprivatesector/indusindbank/IIB,banksprivatesector,IIB,indusindbank
227,http://www.moneycontrol.com/india/stockpricequote/miscellaneous/infibeamincorporation/IIL03,miscellaneous,IIL03,infibeamincorporation
228,http://www.moneycontrol.com/india/stockpricequote/miscellaneous/infoedgeindia/IEI01,miscellaneous,IEI01,infoedgeindia
229,http://www.moneycontrol.com/india/stockpricequote/computerssoftware/infosys/IT,computerssoftware,IT,infosys
230,http://www.moneycontrol.com/india/stockpricequote/compressors/ingersollrandindia/IRI01,compressors,IRI01,ingersollrandindia
231,http://www.moneycontrol.com/india/stockpricequote/mediaentertainment/inoxleisure/INO01,mediaentertainment,INO01,inoxleisure
232,http://www.moneycontrol.com/india/stockpricequote/powergenerationdistribution/inoxwind/IW,powergenerationdistribution,IW,inoxwind
233,http://www.moneycontrol.com/india/stockpricequote/computerssoftware/intellectdesignarena/IDA,computerssoftware,IDA,intellectdesignarena
234,http://www.moneycontrol.com/india/stockpricequote/transportlogistics/interglobeaviation/IA04,transportlogistics,IA04,interglobeaviation
235,http://www.moneycontrol.com/india/stockpricequote/bankspublicsector/indianoverseasbank/IOB,bankspublicsector,IOB,indianoverseasbank
236,http://www.moneycontrol.com/india/stockpricequote/refineries/indianoilcorporation/IOC,refineries,IOC,indianoilcorporation
237,http://www.moneycontrol.com/india/stockpricequote/pharmaceuticals/ipcalaboratories/IL,pharmaceuticals,IL,ipcalaboratories
238,http://www.moneycontrol.com/india/stockpricequote/infrastructuregeneral/irbinfrastructuredevelopers/IID01,infrastructuregeneral,IID01,irbinfrastructuredevelopers
239,http://www.moneycontrol.com/india/stockpricequote/engineeringheavy/isgecheavyengineering/SIS06,engineeringheavy,SIS06,isgecheavyengineering
240,http://www.moneycontrol.com/india/stockpricequote/cigarettes/itc/ITC,cigarettes,ITC,itc
241,http://www.moneycontrol.com/india/stockpricequote/constructioncontractingcivil/itdcementationindia/ITD03,constructioncontractingcivil,ITD03,itdcementationindia
242,http://www.moneycontrol.com/india/stockpricequote/constructioncontractingcivil/jkumarinfraprojects/KI01,constructioncontractingcivil,KI01,jkumarinfraprojects
243,http://www.moneycontrol.com/india/stockpricequote/cementmajor/jkcement/JKC03,cementmajor,JKC03,jkcement
244,http://www.moneycontrol.com/india/stockpricequote/mediaentertainment/jagranprakashan/JP12,mediaentertainment,JP12,jagranprakashan
245,http://www.moneycontrol.com/india/stockpricequote/steelgpgcsheets/jaicorp/JC08,steelgpgcsheets,JC08,jaicorp
246,http://www.moneycontrol.com/india/stockpricequote/plastics/jainirrigationsystems/JIS02,plastics,JIS02,jainirrigationsystems
247,http://www.moneycontrol.com/india/stockpricequote/infrastructuregeneral/jaiprakashassociates/JA02,infrastructuregeneral,JA02,jaiprakashassociates
248,http://www.moneycontrol.com/india/stockpricequote/pharmaceuticals/jbchemicalspharmaceuticals/JBC01,pharmaceuticals,JBC01,jbchemicalspharmaceuticals
249,http://www.moneycontrol.com/india/stockpricequote/textilesmanmade/jbfindustries/JBF,textilesmanmade,JBF,jbfindustries
250,http://www.moneycontrol.com/india/stockpricequote/transportlogistics/jetairways/JA01,transportlogistics,JA01,jetairways
251,http://www.moneycontrol.com/india/stockpricequote/steellarge/jindalstainlesshisar/JSH,steellarge,JSH,jindalstainlesshisar
252,http://www.moneycontrol.com/india/stockpricequote/packaging/jindalpolyfilms/JPF01,packaging,JPF01,jindalpolyfilms
253,http://www.moneycontrol.com/india/stockpricequote/steeltubespipes/jindalsaw/JS08,steeltubespipes,JS08,jindalsaw
254,http://www.moneycontrol.com/india/stockpricequote/steelspongeiron/jindalsteelpower/JSP,steelspongeiron,JSP,jindalsteelpower
255,http://www.moneycontrol.com/india/stockpricequote/banksprivatesector/jammukashmirbank/JKB,banksprivatesector,JKB,jammukashmirbank
256,http://www.moneycontrol.com/india/stockpricequote/cementmajor/jklakshmicement/JKL01,cementmajor,JKL01,jklakshmicement
257,http://www.moneycontrol.com/india/stockpricequote/tyres/jktyreindustries/JKT01,tyres,JKT01,jktyreindustries
258,http://www.moneycontrol.com/india/stockpricequote/financeinvestments/jmfinancial/JMF,financeinvestments,JMF,jmfinancial
259,http://www.moneycontrol.com/india/stockpricequote/consumergoodswhitegoods/johnsoncontrolshitachiairconditioningindia/HHL,consumergoodswhitegoods,HHL,johnsoncontrolshitachiairconditioningindia
260,http://www.moneycontrol.com/india/stockpricequote/powergenerationdistribution/jswenergy/JE01,powergenerationdistribution,JE01,jswenergy
261,http://www.moneycontrol.com/india/stockpricequote/steellarge/jswsteel/JSW01,steellarge,JSW01,jswsteel
262,http://www.moneycontrol.com/india/stockpricequote/miscellaneous/jubilantfoodworks/JF04,miscellaneous,JF04,jubilantfoodworks
263,http://www.moneycontrol.com/india/stockpricequote/pharmaceuticals/jubilantlifesciences/JO03,pharmaceuticals,JO03,jubilantlifesciences
264,http://www.moneycontrol.com/india/stockpricequote/miscellaneous/justdial/JD,miscellaneous,JD,justdial
265,http://www.moneycontrol.com/india/stockpricequote/personalcare/jyothylaboratories/JL,personalcare,JL,jyothylaboratories
266,http://www.moneycontrol.com/india/stockpricequote/ceramicsgranite/kajariaceramics/KC06,ceramicsgranite,KC06,kajariaceramics
267,http://www.moneycontrol.com/india/stockpricequote/powertransmissionequipment/kalpatarupowertransmission/KPT,powertransmissionequipment,KPT,kalpatarupowertransmission
268,http://www.moneycontrol.com/india/stockpricequote/paintsvarnishes/kansainerolacpaints/KNP,paintsvarnishes,KNP,kansainerolacpaints
269,http://www.moneycontrol.com/india/stockpricequote/banksprivatesector/karnatakabank/KB04,banksprivatesector,KB04,karnatakabank
270,http://www.moneycontrol.com/india/stockpricequote/miscellaneous/kaveriseedcompany/KSC01,miscellaneous,KSC01,kaveriseedcompany
271,http://www.moneycontrol.com/india/stockpricequote/powertransmissionequipment/kecinternational/KEC04,powertransmissionequipment,KEC04,kecinternational
272,http://www.moneycontrol.com/india/stockpricequote/diversified/kesoramindustries/KI08,diversified,KI08,kesoramindustries
273,http://www.moneycontrol.com/india/stockpricequote/engines/kirloskaroilengines/KOE03,engines,KOE03,kirloskaroilengines
274,http://www.moneycontrol.com/india/stockpricequote/textilesreadymadeapparels/kitexgarments/KG01,textilesreadymadeapparels,KG01,kitexgarments
275,http://www.moneycontrol.com/india/stockpricequote/banksprivatesector/kotakmahindrabank/KMB,banksprivatesector,KMB,kotakmahindrabank
276,http://www.moneycontrol.com/india/stockpricequote/computerssoftwaremediumsmall/kpittechnologies/KPI02,computerssoftwaremediumsmall,KPI02,kpittechnologies
277,http://www.moneycontrol.com/india/stockpricequote/textilesreadymadeapparels/kprmill/M15,textilesreadymadeapparels,M15,kprmill
278,http://www.moneycontrol.com/india/stockpricequote/foodprocessing/krbl/KRB01,foodprocessing,KRB01,krbl
279,http://www.moneycontrol.com/india/stockpricequote/foodprocessing/kwality/KDI01,foodprocessing,KDI01,kwality
280,http://www.moneycontrol.com/india/stockpricequote/financeinvestments/ltfinanceholdings/LFH,financeinvestments,LFH,ltfinanceholdings
281,http://www.moneycontrol.com/india/stockpricequote/computerssoftware/larsentoubroinfotech/LI12,computerssoftware,LI12,larsentoubroinfotech
282,http://www.moneycontrol.com/india/stockpricequote/computerssoftwaremediumsmall/lttechnologyservices/LTS,computerssoftwaremediumsmall,LTS,lttechnologyservices
283,http://www.moneycontrol.com/india/stockpricequote/glassglassproducts/laopalarg/LOR,glassglassproducts,LOR,laopalarg
284,http://www.moneycontrol.com/india/stockpricequote/textilesmachinery/lakshmimachineworks/LMW,textilesmachinery,LMW,lakshmimachineworks
285,http://www.moneycontrol.com/india/stockpricequote/banksprivatesector/lakshmivilasbank/LVB,banksprivatesector,LVB,lakshmivilasbank
286,http://www.moneycontrol.com/india/stockpricequote/infrastructuregeneral/larsentoubro/LT,infrastructuregeneral,LT,larsentoubro
287,http://www.moneycontrol.com/india/stockpricequote/pharmaceuticals/lauruslabs/LL05,pharmaceuticals,LL05,lauruslabs
288,http://www.moneycontrol.com/india/stockpricequote/financehousing/lichousingfinance/LIC,financehousing,LIC,lichousingfinance
289,http://www.moneycontrol.com/india/stockpricequote/chemicals/lindeindia/BOC,chemicals,BOC,lindeindia
290,http://www.moneycontrol.com/india/stockpricequote/pharmaceuticals/lupin/L,pharmaceuticals,L,lupin
291,http://www.moneycontrol.com/india/stockpricequote/autocarsjeeps/mahindramahindra/MM,autocarsjeeps,MM,mahindramahindra
292,http://www.moneycontrol.com/india/stockpricequote/financeleasinghirepurchase/mahindramahindrafinancialservices/MMF04,financeleasinghirepurchase,MMF04,mahindramahindrafinancialservices
293,http://www.moneycontrol.com/india/stockpricequote/financeleasinghirepurchase/magmafincorp/MF20,financeleasinghirepurchase,MF20,magmafincorp
294,http://www.moneycontrol.com/india/stockpricequote/refineries/mahanagargas/MG02,refineries,MG02,mahanagargas
295,http://www.moneycontrol.com/india/stockpricequote/castingsforgings/mahindracieautomotive/MF19,castingsforgings,MF19,mahindracieautomotive
296,http://www.moneycontrol.com/india/stockpricequote/hotels/mahindraholidaysresortsindia/MHR,hotels,MHR,mahindraholidaysresortsindia
297,http://www.moneycontrol.com/india/stockpricequote/constructioncontractingcivil/mahindralifespacedevelopers/MLD,constructioncontractingcivil,MLD,mahindralifespacedevelopers
298,http://www.moneycontrol.com/india/stockpricequote/financeleasinghirepurchase/manappuramfinance/MGF01,financeleasinghirepurchase,MGF01,manappuramfinance
299,http://www.moneycontrol.com/india/stockpricequote/foodprocessing/manpasandbeverages/MB04,foodprocessing,MB04,manpasandbeverages
300,http://www.moneycontrol.com/india/stockpricequote/personalcare/marico/M13,personalcare,M13,marico
301,http://www.moneycontrol.com/india/stockpricequote/pharmaceuticals/marksanspharma/MP21,pharmaceuticals,MP21,marksanspharma
302,http://www.moneycontrol.com/india/stockpricequote/autocarsjeeps/marutisuzukiindia/MS24,autocarsjeeps,MS24,marutisuzukiindia
303,http://www.moneycontrol.com/india/stockpricequote/financeinvestments/maxfinancialservices/MI,financeinvestments,MI,maxfinancialservices
304,http://www.moneycontrol.com/india/stockpricequote/miscellaneous/maxindia/MIL16,miscellaneous,MIL16,maxindia
305,http://www.moneycontrol.com/india/stockpricequote/plantationsteacoffee/mcleodrusselindia/MRI02,plantationsteacoffee,MRI02,mcleodrusselindia
306,http://www.moneycontrol.com/india/stockpricequote/miscellaneous/multicommodityexchangeindia/MCE,miscellaneous,MCE,multicommodityexchangeindia
307,http://www.moneycontrol.com/india/stockpricequote/autoancillaries/mindaindustries/MI4,autoancillaries,MI4,mindaindustries
308,http://www.moneycontrol.com/india/stockpricequote/computerssoftware/mindtree/MT13,computerssoftware,MT13,mindtree
309,http://www.moneycontrol.com/india/stockpricequote/trading/mmtc/MMT,trading,MMT,mmtc
310,http://www.moneycontrol.com/india/stockpricequote/miningminerals/moil/M18,miningminerals,M18,moil
311,http://www.moneycontrol.com/india/stockpricequote/pesticidesagrochemicals/monsantoindia/MI39,pesticidesagrochemicals,MI39,monsantoindia
312,http://www.moneycontrol.com/india/stockpricequote/autoancillaries/mothersonsumisystems/MSS01,autoancillaries,MSS01,mothersonsumisystems
313,http://www.moneycontrol.com/india/stockpricequote/financegeneral/motilaloswalfinancialservices/MOF01,financegeneral,MOF01,motilaloswalfinancialservices
314,http://www.moneycontrol.com/india/stockpricequote/computerssoftware/mphasis/MB02,computerssoftware,MB02,mphasis
315,http://www.moneycontrol.com/india/stockpricequote/tyres/mrf/MRF,tyres,MRF,mrf
316,http://www.moneycontrol.com/india/stockpricequote/refineries/mangalorerefinerypetrochemicals/MRP,refineries,MRP,mangalorerefinerypetrochemicals
317,http://www.moneycontrol.com/india/stockpricequote/telecommunicationsservice/mahanagartelephonenigam/MTN,telecommunicationsservice,MTN,mahanagartelephonenigam
318,http://www.moneycontrol.com/india/stockpricequote/financeinvestments/muthootfinance/MF10,financeinvestments,MF10,muthootfinance
319,http://www.moneycontrol.com/india/stockpricequote/aluminium/nationalaluminiumcompany/NAC,aluminium,NAC,nationalaluminiumcompany
320,http://www.moneycontrol.com/india/stockpricequote/hospitalsmedicalservices/narayanahrudayalaya/NH,hospitalsmedicalservices,NH,narayanahrudayalaya
321,http://www.moneycontrol.com/india/stockpricequote/pharmaceuticals/natcopharma/NP07,pharmaceuticals,NP07,natcopharma
322,http://www.moneycontrol.com/india/stockpricequote/diversified/navabharatventures/NBV,diversified,NBV,navabharatventures
323,http://www.moneycontrol.com/india/stockpricequote/chemicals/navinfluorineinternational/NFI,chemicals,NFI,navinfluorineinternational
324,http://www.moneycontrol.com/india/stockpricequote/transportlogistics/navkarcorporation/NC02,transportlogistics,NC02,navkarcorporation
325,http://www.moneycontrol.com/india/stockpricequote/printingstationery/navneeteducation/NP01,printingstationery,NP01,navneeteducation
326,http://www.moneycontrol.com/india/stockpricequote/infrastructuregeneral/nbccindia/NBC01,infrastructuregeneral,NBC01,nbccindia
327,http://www.moneycontrol.com/india/stockpricequote/constructioncontractingcivil/ncc/NCC01,constructioncontractingcivil,NCC01,ncc
328,http://www.moneycontrol.com/india/stockpricequote/foodprocessing/nestleindia/NI,foodprocessing,NI,nestleindia
329,http://www.moneycontrol.com/india/stockpricequote/financegeneral/network18mediainvestments/NMI,financegeneral,NMI,network18mediainvestments
330,http://www.moneycontrol.com/india/stockpricequote/powergenerationdistribution/nhpc/N07,powergenerationdistribution,N07,nhpc
331,http://www.moneycontrol.com/india/stockpricequote/computerssoftwaretraining/niit/NII,computerssoftwaretraining,NII,niit
332,http://www.moneycontrol.com/india/stockpricequote/computerssoftware/niittechnologies/NII02,computerssoftware,NII02,niittechnologies
333,http://www.moneycontrol.com/india/stockpricequote/plastics/nilkamal/NP08,plastics,NP08,nilkamal
334,http://www.moneycontrol.com/india/stockpricequote/powergenerationdistribution/nlcindia/NLC,powergenerationdistribution,NLC,nlcindia
335,http://www.moneycontrol.com/india/stockpricequote/miningminerals/nmdc/NMD02,miningminerals,NMD02,nmdc
336,http://www.moneycontrol.com/india/stockpricequote/powergenerationdistribution/ntpc/NTP,powergenerationdistribution,NTP,ntpc
337,http://www.moneycontrol.com/india/stockpricequote/constructioncontractingrealestate/oberoirealty/OR,constructioncontractingrealestate,OR,oberoirealty
338,http://www.moneycontrol.com/india/stockpricequote/cementmajor/oclindia/OCL,cementmajor,OCL,oclindia
339,http://www.moneycontrol.com/india/stockpricequote/oildrillingandexploration/oilindia/OI13,oildrillingandexploration,OI13,oilindia
340,http://www.moneycontrol.com/india/stockpricequote/constructioncontractingrealestate/omaxe/O02,constructioncontractingrealestate,O02,omaxe
341,http://www.moneycontrol.com/india/stockpricequote/oildrillingandexploration/oilnaturalgascorporation/ONG,oildrillingandexploration,ONG,oilnaturalgascorporation
342,http://www.moneycontrol.com/india/stockpricequote/computerssoftware/oraclefinancialservicessoftware/OFS01,computerssoftware,OFS01,oraclefinancialservicessoftware
343,http://www.moneycontrol.com/india/stockpricequote/cementmajor/orientcement/OC10,cementmajor,OC10,orientcement
344,http://www.moneycontrol.com/india/stockpricequote/bankspublicsector/orientalbankcommerce/OBC,bankspublicsector,OBC,orientalbankcommerce
345,http://www.moneycontrol.com/india/stockpricequote/personalcare/proctergamblehygienehealthcare/PGH,personalcare,PGH,proctergamblehygienehealthcare
346,http://www.moneycontrol.com/india/stockpricequote/textilesreadymadeapparels/pageindustries/PI35,textilesreadymadeapparels,PI35,pageindustries
347,http://www.moneycontrol.com/india/stockpricequote/foodprocessing/paragmilkfoods/PMF01,foodprocessing,PMF01,paragmilkfoods
348,http://www.moneycontrol.com/india/stockpricequote/diamondcuttingjewellerypreciousmetals/pcjeweller/PJ,diamondcuttingjewellerypreciousmetals,PJ,pcjeweller
349,http://www.moneycontrol.com/india/stockpricequote/computerssoftware/persistentsystems/PS15,computerssoftware,PS15,persistentsystems
350,http://www.moneycontrol.com/india/stockpricequote/oildrillingandexploration/petronetlng/PLN,oildrillingandexploration,PLN,petronetlng
351,http://www.moneycontrol.com/india/stockpricequote/pharmaceuticals/pfizer/P,pharmaceuticals,P,pfizer
352,http://www.moneycontrol.com/india/stockpricequote/constructioncontractingrealestate/phoenixmills/PM02,constructioncontractingrealestate,PM02,phoenixmills
353,http://www.moneycontrol.com/india/stockpricequote/pesticidesagrochemicals/piindustries/PII,pesticidesagrochemicals,PII,piindustries
354,http://www.moneycontrol.com/india/stockpricequote/chemicals/pidiliteindustries/PI11,chemicals,PI11,pidiliteindustries
355,http://www.moneycontrol.com/india/stockpricequote/pharmaceuticals/piramalenterprises/PH05,pharmaceuticals,PH05,piramalenterprises
356,http://www.moneycontrol.com/india/stockpricequote/bankspublicsector/punjabnationalbank/PNB05,bankspublicsector,PNB05,punjabnationalbank
357,http://www.moneycontrol.com/india/stockpricequote/financehousing/pnbhousingfinance/PHF,financehousing,PHF,pnbhousingfinance
358,http://www.moneycontrol.com/india/stockpricequote/constructioncontractingrealestate/pncinfratech/PI26,constructioncontractingrealestate,PI26,pncinfratech
359,http://www.moneycontrol.com/india/stockpricequote/computerssoftware/polarisconsultingservices/PSL01,computerssoftware,PSL01,polarisconsultingservices
360,http://www.moneycontrol.com/india/stockpricequote/financetermlendinginstitutions/powerfinancecorporation/PFC02,financetermlendinginstitutions,PFC02,powerfinancecorporation
361,http://www.moneycontrol.com/india/stockpricequote/powergenerationdistribution/powergridcorporationindia/PGC,powergenerationdistribution,PGC,powergridcorporationindia
362,http://www.moneycontrol.com/india/stockpricequote/engineeringheavy/prajindustries/PI17,engineeringheavy,PI17,prajindustries
363,http://www.moneycontrol.com/india/stockpricequote/constructioncontractingrealestate/prestigeestatesprojects/PEP02,constructioncontractingrealestate,PEP02,prestigeestatesprojects
364,http://www.moneycontrol.com/india/stockpricequote/cementmajor/prismjohnson/PC,cementmajor,PC,prismjohnson
365,http://www.moneycontrol.com/india/stockpricequote/trading/ptcindia/PTC02,trading,PTC02,ptcindia
366,http://www.moneycontrol.com/india/stockpricequote/financetermlendinginstitutions/ptcindiafinancialservices/PIF02,financetermlendinginstitutions,PIF02,ptcindiafinancialservices
367,http://www.moneycontrol.com/india/stockpricequote/mediaentertainment/pvr/PVR,mediaentertainment,PVR,pvr
368,http://www.moneycontrol.com/india/stockpricequote/breweriesdistilleries/radicokhaitan/RK01,breweriesdistilleries,RK01,radicokhaitan
369,http://www.moneycontrol.com/india/stockpricequote/cementmajor/rainindustries/RC12,cementmajor,RC12,rainindustries
370,http://www.moneycontrol.com/india/stockpricequote/diamondcuttingjewellerypreciousmetals/rajeshexports/RE07,diamondcuttingjewellerypreciousmetals,RE07,rajeshexports
371,http://www.moneycontrol.com/india/stockpricequote/pesticidesagrochemicals/rallisindia/RI03,pesticidesagrochemicals,RI03,rallisindia
372,http://www.moneycontrol.com/india/stockpricequote/cementmajor/theramcocements/MC,cementmajor,MC,theramcocements
373,http://www.moneycontrol.com/india/stockpricequote/fertilisers/rashtriyachemicalsfertilisers/RCF01,fertilisers,RCF01,rashtriyachemicalsfertilisers
374,http://www.moneycontrol.com/india/stockpricequote/steeltubespipes/ratnamanimetalstubes/RMT,steeltubespipes,RMT,ratnamanimetalstubes
375,http://www.moneycontrol.com/india/stockpricequote/powergenerationdistribution/rattanindiapower/IP09,powergenerationdistribution,IP09,rattanindiapower
376,http://www.moneycontrol.com/india/stockpricequote/textileswoollenworsted/raymond/R,textileswoollenworsted,R,raymond
377,http://www.moneycontrol.com/india/stockpricequote/banksprivatesector/rblbank/RB03,banksprivatesector,RB03,rblbank
378,http://www.moneycontrol.com/india/stockpricequote/financetermlendinginstitutions/ruralelectrificationcorporation/REC02,financetermlendinginstitutions,REC02,ruralelectrificationcorporation
379,http://www.moneycontrol.com/india/stockpricequote/computershardware/redingtonindia/RI37,computershardware,RI37,redingtonindia
380,http://www.moneycontrol.com/india/stockpricequote/financeinvestments/reliancecapital/RC,financeinvestments,RC,reliancecapital
381,http://www.moneycontrol.com/india/stockpricequote/leatherproducts/relaxofootwears/RF07,leatherproducts,RF07,relaxofootwears
382,http://www.moneycontrol.com/india/stockpricequote/refineries/relianceindustries/RI,refineries,RI,relianceindustries
383,http://www.moneycontrol.com/india/stockpricequote/telecommunicationsservice/reliancecommunications/RC13,telecommunicationsservice,RC13,reliancecommunications
384,http://www.moneycontrol.com/india/stockpricequote/powergenerationdistribution/relianceinfrastructure/RI38,powergenerationdistribution,RI38,relianceinfrastructure
385,http://www.moneycontrol.com/india/stockpricequote/shipping/reliancenavalengineering/PS04,shipping,PS04,reliancenavalengineering
386,http://www.moneycontrol.com/india/stockpricequote/powergenerationdistribution/reliancepower/RP,powergenerationdistribution,RP,reliancepower
387,http://www.moneycontrol.com/india/stockpricequote/financeinvestments/religareenterprises/RE09,financeinvestments,RE09,religareenterprises
388,http://www.moneycontrol.com/india/stockpricequote/financehousing/repcohomefinance/RHF,financehousing,RHF,repcohomefinance
389,http://www.moneycontrol.com/india/stockpricequote/computerssoftware/roltaindia/RI15,computerssoftware,RI15,roltaindia
390,http://www.moneycontrol.com/india/stockpricequote/chemicals/shkelkarcompany/KC17,chemicals,KC17,shkelkarcompany
391,http://www.moneycontrol.com/india/stockpricequote/infrastructuregeneral/sadbhavengineering/SE19,infrastructuregeneral,SE19,sadbhavengineering
392,http://www.moneycontrol.com/india/stockpricequote/steellarge/steelauthorityindia/SAI,steellarge,SAI,steelauthorityindia
393,http://www.moneycontrol.com/india/stockpricequote/pharmaceuticals/sanofiindia/AP26,pharmaceuticals,AP26,sanofiindia
394,http://www.moneycontrol.com/india/stockpricequote/bankspublicsector/statebankindia/SBI,bankspublicsector,SBI,statebankindia
395,http://www.moneycontrol.com/india/stockpricequote/bearings/schaefflerindia/FAG,bearings,FAG,schaefflerindia
396,http://www.moneycontrol.com/india/stockpricequote/powergenerationdistribution/schneiderelectricinfrastructure/SEI04,powergenerationdistribution,SEI04,schneiderelectricinfrastructure
397,http://www.moneycontrol.com/india/stockpricequote/pharmaceuticals/sequentscientific/PID01,pharmaceuticals,PID01,sequentscientific
398,http://www.moneycontrol.com/india/stockpricequote/pesticidesagrochemicals/shardacropchem/SC04,pesticidesagrochemicals,SC04,shardacropchem
399,http://www.moneycontrol.com/india/stockpricequote/miscellaneous/sheelafoam/SF14,miscellaneous,SF14,sheelafoam
400,http://www.moneycontrol.com/india/stockpricequote/pharmaceuticals/shilpamedicare/SM19,pharmaceuticals,SM19,shilpamedicare
401,http://www.moneycontrol.com/india/stockpricequote/shipping/shippingcorporationindia/SCI,shipping,SCI,shippingcorporationindia
402,http://www.moneycontrol.com/india/stockpricequote/retail/shoppersstop/SS51,retail,SS51,shoppersstop
403,http://www.moneycontrol.com/india/stockpricequote/cementmajor/shreecements/SC12,cementmajor,SC12,shreecements
404,http://www.moneycontrol.com/india/stockpricequote/sugar/shreerenukasugars/SRS03,sugar,SRS03,shreerenukasugars
405,http://www.moneycontrol.com/india/stockpricequote/financeleasinghirepurchase/shriramcityunionfinance/SCU,financeleasinghirepurchase,SCU,shriramcityunionfinance
406,http://www.moneycontrol.com/india/stockpricequote/financeleasinghirepurchase/shriramtransportfinancecorporation/STF,financeleasinghirepurchase,STF,shriramtransportfinancecorporation
407,http://www.moneycontrol.com/india/stockpricequote/infrastructuregeneral/siemens/S,infrastructuregeneral,S,siemens
408,http://www.moneycontrol.com/india/stockpricequote/mediaentertainment/sitinetworks/WWI,mediaentertainment,WWI,sitinetworks
409,http://www.moneycontrol.com/india/stockpricequote/powergenerationdistribution/sjvn/S11,powergenerationdistribution,S11,sjvn
410,http://www.moneycontrol.com/india/stockpricequote/bearings/skfindia/SKF01,bearings,SKF01,skfindia
411,http://www.moneycontrol.com/india/stockpricequote/autolcvshcvs/smlisuzu/SM,autolcvshcvs,SM,smlisuzu
412,http://www.moneycontrol.com/india/stockpricequote/constructioncontractingrealestate/sobha/SD6,constructioncontractingrealestate,SD6,sobha
413,http://www.moneycontrol.com/india/stockpricequote/chemicals/solarindustriesindia/SII04,chemicals,SII04,solarindustriesindia
414,http://www.moneycontrol.com/india/stockpricequote/ceramicsgranite/somanyceramics/SC49,ceramicsgranite,SC49,somanyceramics
415,http://www.moneycontrol.com/india/stockpricequote/computerssoftwaremediumsmall/sonatasoftware/SS42,computerssoftwaremediumsmall,SS42,sonatasoftware
416,http://www.moneycontrol.com/india/stockpricequote/banksprivatesector/southindianbank/SIB,banksprivatesector,SIB,southindianbank
417,http://www.moneycontrol.com/india/stockpricequote/transportlogistics/spicejet/SJ01,transportlogistics,SJ01,spicejet
418,http://www.moneycontrol.com/india/stockpricequote/financeleasinghirepurchase/sreiinfrastructurefinance/SRE02,financeleasinghirepurchase,SRE02,sreiinfrastructurefinance
419,http://www.moneycontrol.com/india/stockpricequote/textilesmanmade/srf/SRF,textilesmanmade,SRF,srf
420,http://www.moneycontrol.com/india/stockpricequote/cablestelephone/sterlitetechnologies/ST20,cablestelephone,ST20,sterlitetechnologies
421,http://www.moneycontrol.com/india/stockpricequote/pharmaceuticals/stridesshasun/SA10,pharmaceuticals,SA10,stridesshasun
422,http://www.moneycontrol.com/india/stockpricequote/dyespigments/sudarshanchemicalindustries/SCI08,dyespigments,SCI08,sudarshanchemicalindustries
423,http://www.moneycontrol.com/india/stockpricequote/pharmaceuticals/sunpharmaceuticalindustries/SPI,pharmaceuticals,SPI,sunpharmaceuticalindustries
424,http://www.moneycontrol.com/india/stockpricequote/pharmaceuticals/sunpharmaadvancedresearchcompany/SPA,pharmaceuticals,SPA,sunpharmaadvancedresearchcompany
425,http://www.moneycontrol.com/india/stockpricequote/mediaentertainment/suntvnetwork/STN01,mediaentertainment,STN01,suntvnetwork
426,http://www.moneycontrol.com/india/stockpricequote/fasteners/sundramfasteners/SF23,fasteners,SF23,sundramfasteners
427,http://www.moneycontrol.com/india/stockpricequote/constructioncontractingrealestate/sunteckrealty/SR05,constructioncontractingrealestate,SR05,sunteckrealty
428,http://www.moneycontrol.com/india/stockpricequote/plastics/supremeindustries/SI48,plastics,SI48,supremeindustries
429,http://www.moneycontrol.com/india/stockpricequote/pharmaceuticals/suvenlifesciences/SLS01,pharmaceuticals,SLS01,suvenlifesciences
430,http://www.moneycontrol.com/india/stockpricequote/powergenerationdistribution/suzlonenergy/SE17,powergenerationdistribution,SE17,suzlonenergy
431,http://www.moneycontrol.com/india/stockpricequote/trading/swanenergy/SM09,trading,SM09,swanenergy
432,http://www.moneycontrol.com/india/stockpricequote/consumergoodswhitegoods/symphony/SCS04,consumergoodswhitegoods,SCS04,symphony
433,http://www.moneycontrol.com/india/stockpricequote/bankspublicsector/syndicatebank/SB9,bankspublicsector,SB9,syndicatebank
434,http://www.moneycontrol.com/india/stockpricequote/miscellaneous/syngeneinternational/SI10,miscellaneous,SI10,syngeneinternational
435,http://www.moneycontrol.com/india/stockpricequote/computerssoftwaremediumsmall/takesolutions/TS09,computerssoftwaremediumsmall,TS09,takesolutions
436,http://www.moneycontrol.com/india/stockpricequote/paper/tamilnadunewsprintpapers/TNN,paper,TNN,tamilnadunewsprintpapers
437,http://www.moneycontrol.com/india/stockpricequote/chemicals/tatachemicals/TC,chemicals,TC,tatachemicals
438,http://www.moneycontrol.com/india/stockpricequote/plantationsteacoffee/tatacoffee/TC14,plantationsteacoffee,TC14,tatacoffee
439,http://www.moneycontrol.com/india/stockpricequote/telecommunicationsservice/tatacommunications/TC17,telecommunicationsservice,TC17,tatacommunications
440,http://www.moneycontrol.com/india/stockpricequote/computerssoftware/tataelxsi/TE,computerssoftware,TE,tataelxsi
441,http://www.moneycontrol.com/india/stockpricequote/plantationsteacoffee/tataglobalbeverage/TT,plantationsteacoffee,TT,tataglobalbeverage
442,http://www.moneycontrol.com/india/stockpricequote/financeinvestments/tatainvestmentcorporation/TIC,financeinvestments,TIC,tatainvestmentcorporation
443,http://www.moneycontrol.com/india/stockpricequote/autolcvshcvs/tatamotors/TM03,autolcvshcvs,TM03,tatamotors
444,http://www.moneycontrol.com/india/stockpricequote/autolcvshcvs/tatamotorsdvr/TMD,autolcvshcvs,TMD,tatamotorsdvr
445,http://www.moneycontrol.com/india/stockpricequote/powergenerationdistribution/tatapowercompany/TPC,powergenerationdistribution,TPC,tatapowercompany
446,http://www.moneycontrol.com/india/stockpricequote/steelspongeiron/tataspongeiron/TSI,steelspongeiron,TSI,tataspongeiron
447,http://www.moneycontrol.com/india/stockpricequote/steellarge/tatasteel/TIS,steellarge,TIS,tatasteel
448,http://www.moneycontrol.com/india/stockpricequote/computerssoftware/tataconsultancyservices/TCS,computerssoftware,TCS,tataconsultancyservices
449,http://www.moneycontrol.com/india/stockpricequote/computerssoftware/techmahindra/TM4,computerssoftware,TM4,techmahindra
450,http://www.moneycontrol.com/india/stockpricequote/electricequipment/technoelectricengineeringcompany/TEE,electricequipment,TEE,technoelectricengineeringcompany
451,http://www.moneycontrol.com/india/stockpricequote/infrastructuregeneral/texmacorailengineering/TRE,infrastructuregeneral,TRE,texmacorailengineering
452,http://www.moneycontrol.com/india/stockpricequote/infrastructuregeneral/thermax/T,infrastructuregeneral,T,thermax
453,http://www.moneycontrol.com/india/stockpricequote/miscellaneous/thomascookindia/TCI,miscellaneous,TCI,thomascookindia
454,http://www.moneycontrol.com/india/stockpricequote/hospitalsmedicalservices/thyrocaretechnologies/TT16,hospitalsmedicalservices,TT16,thyrocaretechnologies
455,http://www.moneycontrol.com/india/stockpricequote/miscellaneous/tifinancialholdings/TII,miscellaneous,TII,tifinancialholdings
456,http://www.moneycontrol.com/india/stockpricequote/bearings/timkenindia/TI23,bearings,TI23,timkenindia
457,http://www.moneycontrol.com/india/stockpricequote/infrastructuregeneral/titagarhwagons/TW04,infrastructuregeneral,TW04,titagarhwagons
458,http://www.moneycontrol.com/india/stockpricequote/miscellaneous/titancompany/TI01,miscellaneous,TI01,titancompany
459,http://www.moneycontrol.com/india/stockpricequote/pharmaceuticals/torrentpharmaceuticals/TP06,pharmaceuticals,TP06,torrentpharmaceuticals
460,http://www.moneycontrol.com/india/stockpricequote/powergenerationdistribution/torrentpower/TP14,powergenerationdistribution,TP14,torrentpower
461,http://www.moneycontrol.com/india/stockpricequote/retail/trent/T04,retail,T04,trent
462,http://www.moneycontrol.com/india/stockpricequote/textilesspinningcottonblended/trident/AI01,textilesspinningcottonblended,AI01,trident
463,http://www.moneycontrol.com/india/stockpricequote/electricequipment/triveniturbine/TT14,electricequipment,TT14,triveniturbine
464,http://www.moneycontrol.com/india/stockpricequote/domesticappliances/ttkprestige/TTK02,domesticappliances,TTK02,ttkprestige
465,http://www.moneycontrol.com/india/stockpricequote/mediaentertainment/tvtodaynetwork/TVT,mediaentertainment,TVT,tvtodaynetwork
466,http://www.moneycontrol.com/india/stockpricequote/mediaentertainment/tv18broadcast/IBN,mediaentertainment,IBN,tv18broadcast
467,http://www.moneycontrol.com/india/stockpricequote/auto23wheelers/tvsmotorcompany/TVS,auto23wheelers,TVS,tvsmotorcompany
468,http://www.moneycontrol.com/india/stockpricequote/tyres/tvssrichakra/TVS03,tyres,TVS03,tvssrichakra
469,http://www.moneycontrol.com/india/stockpricequote/bankspublicsector/ucobank/UCO,bankspublicsector,UCO,ucobank
470,http://www.moneycontrol.com/india/stockpricequote/packaging/uflex/U01,packaging,U01,uflex
471,http://www.moneycontrol.com/india/stockpricequote/financegeneral/ujjivanfinancialservices/UFS01,financegeneral,UFS01,ujjivanfinancialservices
472,http://www.moneycontrol.com/india/stockpricequote/cementmajor/ultratechcement/UTC01,cementmajor,UTC01,ultratechcement
473,http://www.moneycontrol.com/india/stockpricequote/pharmaceuticals/unichemlaboratories/UL02,pharmaceuticals,UL02,unichemlaboratories
474,http://www.moneycontrol.com/india/stockpricequote/bankspublicsector/unionbankindia/UBI01,bankspublicsector,UBI01,unionbankindia
475,http://www.moneycontrol.com/india/stockpricequote/constructioncontractingcivil/unitech/U,constructioncontractingcivil,U,unitech
476,http://www.moneycontrol.com/india/stockpricequote/breweriesdistilleries/unitedbreweries/UB02,breweriesdistilleries,UB02,unitedbreweries
477,http://www.moneycontrol.com/india/stockpricequote/chemicals/upl/UP04,chemicals,UP04,upl
478,http://www.moneycontrol.com/india/stockpricequote/electricequipment/vguardindustries/VI02,electricequipment,VI02,vguardindustries
479,http://www.moneycontrol.com/india/stockpricequote/infrastructuregeneral/vatechwabag/VTW,infrastructuregeneral,VTW,vatechwabag
480,http://www.moneycontrol.com/india/stockpricequote/computerssoftwaremediumsmall/vakrangee/VS,computerssoftwaremediumsmall,VS,vakrangee
481,http://www.moneycontrol.com/india/stockpricequote/textilesspinningcottonblended/vardhmantextiles/VT10,textilesspinningcottonblended,VT10,vardhmantextiles
482,http://www.moneycontrol.com/india/stockpricequote/foodprocessing/varunbeverages/VB05,foodprocessing,VB05,varunbeverages
483,http://www.moneycontrol.com/india/stockpricequote/miningminerals/vedanta/SG,miningminerals,SG,vedanta
484,http://www.moneycontrol.com/india/stockpricequote/consumergoodselectronic/videoconindustries/VLF,consumergoodselectronic,VLF,videoconindustries
485,http://www.moneycontrol.com/india/stockpricequote/bankspublicsector/vijayabank/VB03,bankspublicsector,VB03,vijayabank
486,http://www.moneycontrol.com/india/stockpricequote/chemicals/vinatiorganics/VO01,chemicals,VO01,vinatiorganics
487,http://www.moneycontrol.com/india/stockpricequote/plastics/vipindustries/VIP,plastics,VIP,vipindustries
488,http://www.moneycontrol.com/india/stockpricequote/diversified/voltas/V,diversified,V,voltas
489,http://www.moneycontrol.com/india/stockpricequote/cigarettes/vstindustries/VST,cigarettes,VST,vstindustries
490,http://www.moneycontrol.com/india/stockpricequote/autoancillaries/wabcoindia/WAB,autoancillaries,WAB,wabcoindia
491,http://www.moneycontrol.com/india/stockpricequote/steeltubespipes/welspuncorp/WGS,steeltubespipes,WGS,welspuncorp
492,http://www.moneycontrol.com/india/stockpricequote/textilesweaving/welspunindia/WI03,textilesweaving,WI03,welspunindia
493,http://www.moneycontrol.com/india/stockpricequote/hotels/westlifedevelopment/DIC,hotels,DIC,westlifedevelopment
494,http://www.moneycontrol.com/india/stockpricequote/consumergoodswhitegoods/whirlpoolindia/WI,consumergoodswhitegoods,WI,whirlpoolindia
495,http://www.moneycontrol.com/india/stockpricequote/computerssoftware/wipro/W,computerssoftware,W,wipro
496,http://www.moneycontrol.com/india/stockpricequote/pharmaceuticals/wockhardt/W05,pharmaceuticals,W05,wockhardt
497,http://www.moneycontrol.com/india/stockpricequote/miscellaneous/wonderlaholidays/WH01,miscellaneous,WH01,wonderlaholidays
498,http://www.moneycontrol.com/india/stockpricequote/banksprivatesector/yesbank/YB,banksprivatesector,YB,yesbank
499,http://www.moneycontrol.com/india/stockpricequote/mediaentertainment/zeeentertainmententerprises/ZEE,mediaentertainment,ZEE,zeeentertainmententerprises
500,http://www.moneycontrol.com/india/stockpricequote/computerssoftware/zensartechnologies/ZT02,computerssoftware,ZT02,zensartechnologies
